{"cameraMode":{"drawMode":0,"name":"Shaded","section":"Shading Mode"},"sceneLighting":true,"audioPlay":false,"sceneViewState":{"showFog":true,"showMaterialUpdate":true,"showSkybox":true,"showFlares":true,"showImageEffects":true,"showParticleSystems":true},"in2DMode":false,"pivot":{"x":13.199999809265137,"y":4.619999885559082,"z":2.190000057220459},"rotation":{"x":0.14421579241752625,"y":-0.4253704249858856,"z":0.06885950267314911,"w":0.89079749584198},"size":27.797880172729493,"orthographic":true}